{"cameraMode":{"drawMode":0,"name":"Shaded","section":"Shading Mode"},"sceneLighting":true,"audioPlay":false,"sceneViewState":{"m_AlwaysRefresh":false,"showFog":true,"showSkybox":true,"showFlares":true,"showImageEffects":true,"showParticleSystems":true,"showVisualEffectGraphs":true,"m_FxEnabled":true},"in2DMode":false,"pivot":{"x":11.288780212402344,"y":-3.4091415405273439,"z":-18.805265426635743},"rotation":{"x":0.17133937776088715,"y":0.6790533065795898,"z":-0.16768769919872285,"w":0.6938877701759338},"size":41.06095886230469,"orthographic":true}